,Player,Pos,Age,Tm,G,GS,MP,FG,FGA,FG%,3P,3PA,3P%,2P,2PA,2P%,eFG%,FT,FTA,FT%,ORB,DRB,TRB,AST,STL,BLK,TOV,PF,PTS,Year,PER,TS%,3PAr,FTr,ORB%,DRB%,TRB%,AST%,STL%,BLK%,TOV%,USG%,OWS,DWS,WS,WS/48,OBPM,DBPM,BPM,VORP,Team,W,L,W/L%,GB,PS/G,PA/G,SRS
3,Brook Lopez,C,35,MIL,68,68,30.7,4.6,9.6,0.481,1.9,5.1,0.363,2.8,4.5,0.616,0.578,1.3,1.6,0.827,1.5,3.8,5.3,1.7,0.6,2.5,0.9,2.4,12.5,2024,14.9,0.603,0.534,0.168,5.4,13.3,9.5,7.4,0.9,6.8,8.2,15.8,2.7,2.5,5.2,0.12,0.3,1.0,1.3,1.7,Milwaukee Bucks,46,25,0.648,0.0,120.6,116.9,3.33
5,Damian Lillard,PG,33,MIL,66,66,35.1,7.5,17.5,0.428,3.1,8.6,0.36,4.4,8.9,0.492,0.516,6.4,6.9,0.927,0.5,3.9,4.4,7.0,1.0,0.2,2.6,1.8,24.4,2024,20.1,0.596,0.491,0.395,1.6,11.8,6.8,29.1,1.4,0.5,11.1,28.3,5.6,1.8,7.4,0.153,3.7,-1.3,2.4,2.6,Milwaukee Bucks,46,25,0.648,0.0,120.6,116.9,3.33
7,Giannis Antetokounmpo,PF,29,MIL,66,66,35.0,11.4,18.6,0.616,0.5,1.7,0.296,10.9,16.8,0.649,0.629,7.3,11.0,0.664,2.6,8.7,11.3,6.4,1.2,1.0,3.4,2.9,30.7,2024,30.0,0.655,0.094,0.591,8.4,26.6,17.7,31.6,1.6,2.4,12.7,33.0,8.9,3.2,12.1,0.251,6.8,2.2,9.0,6.4,Milwaukee Bucks,46,25,0.648,0.0,120.6,116.9,3.33
29,Kyrie Irving,SG,31,DAL,48,48,34.4,9.6,19.6,0.49,2.9,7.1,0.405,6.7,12.5,0.539,0.564,3.1,3.4,0.909,0.8,4.3,5.1,5.3,1.3,0.5,1.7,1.9,25.3,2024,21.9,0.598,0.364,0.174,2.5,13.8,8.2,24.5,1.8,1.2,7.5,28.3,3.9,1.5,5.4,0.156,4.9,0.0,4.9,2.9,Dallas Mavericks,41,29,0.586,2.5,118.6,117.0,1.82
30,Luka Dončić,PG,24,DAL,61,61,37.4,11.6,23.8,0.488,3.9,10.4,0.376,7.7,13.4,0.574,0.57,7.0,8.9,0.785,0.8,8.2,9.0,9.8,1.5,0.5,4.0,2.0,34.1,2024,28.3,0.615,0.437,0.376,2.4,24.0,13.2,44.2,1.9,1.3,12.5,36.1,7.5,2.8,10.3,0.217,8.4,1.5,9.9,6.9,Dallas Mavericks,41,29,0.586,2.5,118.6,117.0,1.82
41,Dejounte Murray,SG,27,ATL,67,67,35.3,8.5,18.3,0.465,2.5,6.8,0.368,6.0,11.5,0.522,0.533,2.8,3.5,0.812,0.7,4.5,5.3,6.1,1.4,0.3,2.5,1.7,22.3,2024,18.0,0.564,0.373,0.191,2.2,14.4,8.1,26.4,1.9,0.8,11.1,26.1,3.1,1.4,4.5,0.091,2.4,-0.6,1.8,2.3,Atlanta Hawks,31,39,0.443,10.5,119.2,120.7,-1.96
44,Jalen Johnson,SF,22,ATL,51,48,34.0,6.4,12.5,0.513,1.3,3.6,0.353,5.2,8.9,0.578,0.564,2.0,2.7,0.725,1.3,7.3,8.6,3.5,1.1,0.9,1.7,2.5,16.1,2024,16.1,0.587,0.288,0.216,4.0,24.2,13.7,14.8,1.6,2.4,11.2,18.8,2.0,1.5,3.6,0.099,0.4,0.7,1.0,1.3,Atlanta Hawks,31,39,0.443,10.5,119.2,120.7,-1.96
50,Trae Young,PG,25,ATL,51,51,36.5,8.2,19.3,0.426,3.3,8.9,0.371,4.9,10.3,0.473,0.512,6.6,7.8,0.856,0.4,2.3,2.7,10.8,1.4,0.2,4.3,2.1,26.4,2024,20.2,0.581,0.464,0.403,1.2,7.1,4.1,44.4,1.8,0.5,16.0,30.6,3.8,0.6,4.4,0.114,4.9,-2.3,2.6,2.1,Atlanta Hawks,31,39,0.443,10.5,119.2,120.7,-1.96
54,Aaron Gordon,PF,28,DEN,65,65,31.5,5.5,9.9,0.553,0.5,1.8,0.28,5.0,8.1,0.615,0.579,2.3,3.6,0.652,2.4,4.1,6.5,3.4,0.8,0.6,1.4,1.9,13.8,2024,16.6,0.601,0.183,0.361,8.8,14.0,11.5,14.4,1.2,1.7,11.1,17.9,3.7,2.3,6.0,0.14,0.9,0.0,0.9,1.5,Denver Nuggets,50,21,0.704,0.0,114.6,110.1,4.66
61,Jamal Murray,PG,26,DEN,54,54,32.1,7.9,16.7,0.475,2.4,5.6,0.419,5.6,11.1,0.503,0.545,2.7,3.2,0.855,0.7,3.4,4.1,6.7,1.0,0.6,2.1,1.8,20.9,2024,20.0,0.578,0.336,0.191,2.5,11.5,7.1,31.1,1.5,1.6,10.4,27.5,3.3,1.9,5.1,0.142,4.0,-0.5,3.5,2.4,Denver Nuggets,50,21,0.704,0.0,114.6,110.1,4.66
66,Michael Porter Jr.,SF,25,DEN,70,70,31.8,6.5,13.3,0.492,2.8,6.9,0.402,3.8,6.4,0.589,0.596,1.1,1.4,0.823,1.4,5.7,7.0,1.5,0.5,0.7,1.1,1.9,17.0,2024,15.9,0.611,0.519,0.103,4.9,19.3,12.3,6.6,0.8,1.8,7.5,20.6,2.9,2.6,5.5,0.119,1.5,-1.2,0.4,1.3,Denver Nuggets,50,21,0.704,0.0,114.6,110.1,4.66
67,Nikola Jokić,C,28,DEN,68,68,34.4,10.3,17.7,0.581,1.0,2.9,0.352,9.3,14.8,0.625,0.609,4.5,5.5,0.826,2.9,9.4,12.3,9.0,1.3,0.9,2.9,2.4,26.1,2024,31.0,0.649,0.163,0.31,9.5,29.7,19.9,42.3,1.8,2.2,12.7,29.2,10.3,4.2,14.5,0.296,9.1,4.2,13.3,9.1,Denver Nuggets,50,21,0.704,0.0,114.6,110.1,4.66
72,Alperen Sengun,C,21,HOU,63,63,32.5,8.4,15.6,0.537,0.5,1.8,0.297,7.8,13.8,0.567,0.553,3.9,5.6,0.693,2.9,6.4,9.3,5.0,1.2,0.7,2.6,3.3,21.1,2024,22.0,0.585,0.113,0.358,9.5,21.2,15.4,25.1,1.8,2.1,12.5,27.0,3.8,3.3,7.1,0.166,3.1,1.8,4.9,3.5,Houston Rockets,35,35,0.5,8.5,114.3,112.7,1.65
77,Fred VanVleet,PG,29,HOU,63,63,36.6,5.6,13.4,0.416,3.1,7.9,0.39,2.5,5.5,0.453,0.53,2.6,3.0,0.863,0.4,3.3,3.7,8.2,1.2,0.8,1.8,2.3,16.9,2024,16.5,0.571,0.588,0.224,1.2,9.8,5.5,31.6,1.6,2.1,10.7,19.2,4.5,2.8,7.3,0.151,2.6,0.8,3.4,3.2,Houston Rockets,35,35,0.5,8.5,114.3,112.7,1.65
101,Pascal Siakam,PF,29,IND,70,70,33.7,8.6,16.0,0.536,1.1,3.3,0.336,7.5,12.7,0.587,0.57,3.6,5.0,0.726,1.7,5.4,7.0,4.5,0.8,0.3,1.8,2.4,21.8,2024,19.6,0.601,0.205,0.31,5.5,17.9,11.6,20.1,1.2,0.8,9.1,25.1,4.6,1.5,6.1,0.124,2.6,-0.5,2.1,2.5,Indiana Pacers,40,32,0.556,6.5,123.1,121.0,1.95
104,Tyrese Haliburton,PG,23,IND,59,58,32.3,7.4,15.5,0.478,2.8,7.6,0.361,4.6,7.8,0.592,0.567,2.8,3.3,0.856,0.5,3.4,3.9,11.2,1.2,0.7,2.3,1.0,20.4,2024,23.4,0.602,0.495,0.214,1.9,11.9,6.9,46.5,1.7,1.7,12.2,24.9,6.5,1.2,7.7,0.193,7.3,-0.5,6.8,4.2,Indiana Pacers,40,32,0.556,6.5,123.1,121.0,1.95
109,Chet Holmgren,C,21,OKC,70,70,30.1,6.4,11.9,0.536,1.7,4.3,0.384,4.7,7.5,0.623,0.606,2.6,3.2,0.797,1.6,6.3,7.9,2.6,0.7,2.4,1.5,2.3,17.0,2024,21.0,0.638,0.364,0.273,6.2,22.6,14.7,12.1,1.1,7.4,10.4,21.4,4.4,3.8,8.2,0.186,2.3,1.7,4.0,3.2,Oklahoma City Thunder,49,21,0.7,0.5,120.3,112.9,7.08
112,Jalen Williams,PF,22,OKC,63,63,31.6,7.6,14.0,0.541,1.5,3.3,0.441,6.1,10.7,0.572,0.594,2.6,3.2,0.815,0.5,3.5,4.0,4.5,1.1,0.6,1.7,2.6,19.2,2024,18.9,0.624,0.239,0.227,2.0,11.8,7.1,20.8,1.7,1.8,10.1,23.5,4.1,2.4,6.5,0.156,1.9,0.2,2.1,2.0,Oklahoma City Thunder,49,21,0.7,0.5,120.3,112.9,7.08
122,Shai Gilgeous-Alexander,PG,25,OKC,69,69,34.4,10.8,20.0,0.541,1.3,3.6,0.367,9.5,16.4,0.579,0.574,7.6,8.7,0.872,0.9,4.8,5.6,6.3,2.1,0.9,2.2,2.5,30.5,2024,29.7,0.641,0.178,0.435,2.9,14.9,9.1,30.2,2.9,2.5,8.6,32.9,9.9,4.0,13.9,0.282,6.8,2.5,9.3,6.8,Oklahoma City Thunder,49,21,0.7,0.5,120.3,112.9,7.08
124,Alex Caruso,SG,29,CHI,62,49,28.0,3.5,7.6,0.464,1.8,4.6,0.392,1.7,2.9,0.577,0.584,1.1,1.5,0.756,0.9,2.9,3.7,3.1,1.6,1.0,1.4,2.6,10.0,2024,14.2,0.605,0.613,0.191,3.4,11.8,7.5,15.3,2.8,3.8,14.2,15.0,1.8,2.2,4.0,0.111,-0.1,2.2,2.2,1.8,Chicago Bulls,34,37,0.479,12.0,112.1,113.9,-1.97
130,DeMar DeRozan,SF,34,CHI,69,69,37.6,7.9,16.5,0.475,0.9,2.8,0.333,6.9,13.7,0.504,0.504,6.6,7.6,0.863,0.6,3.7,4.3,5.3,1.0,0.6,1.5,2.1,23.2,2024,19.4,0.584,0.171,0.459,1.7,11.4,6.4,21.7,1.4,1.6,7.0,25.0,6.2,1.9,8.1,0.15,2.0,-0.3,1.7,2.4,Chicago Bulls,34,37,0.479,12.0,112.1,113.9,-1.97
145,Franz Wagner,SF,22,ORL,63,63,32.7,7.4,15.4,0.481,1.4,4.8,0.29,6.0,10.7,0.566,0.526,3.6,4.3,0.848,1.0,4.4,5.4,3.9,1.0,0.4,2.0,2.4,19.8,2024,17.3,0.573,0.309,0.278,3.4,16.0,9.6,19.3,1.6,1.1,10.5,25.8,2.5,2.9,5.4,0.126,0.8,0.3,1.2,1.6,Orlando Magic,42,29,0.592,0.0,110.8,108.8,1.55
155,Paolo Banchero,PF,21,ORL,69,69,34.8,8.1,17.4,0.466,1.5,4.2,0.365,6.6,13.2,0.498,0.51,4.9,6.9,0.712,1.0,5.7,6.8,5.4,1.0,0.6,3.1,2.0,22.6,2024,17.7,0.554,0.24,0.396,3.5,19.4,11.4,25.3,1.4,1.5,13.1,29.4,1.4,3.5,4.9,0.098,1.5,0.1,1.7,2.2,Orlando Magic,42,29,0.592,0.0,110.8,108.8,1.55
158,Al Horford,C,37,BOS,58,29,27.0,3.2,6.4,0.503,1.7,4.0,0.42,1.5,2.4,0.64,0.634,0.4,0.5,0.893,1.3,5.2,6.5,2.7,0.6,1.0,0.7,1.5,8.5,2024,14.8,0.646,0.624,0.076,5.4,19.8,12.9,12.5,1.1,3.1,10.1,11.8,3.1,2.5,5.6,0.172,1.6,2.1,3.7,2.3,Boston Celtics,57,14,0.803,0.0,121.2,109.4,11.34
159,Derrick White,SG,29,BOS,66,66,32.6,5.4,11.7,0.462,2.7,6.8,0.395,2.7,4.9,0.554,0.576,2.0,2.2,0.896,0.7,3.6,4.3,5.2,1.0,1.3,1.6,2.1,15.4,2024,17.2,0.609,0.578,0.187,2.4,11.4,7.1,21.6,1.6,3.4,11.0,18.9,4.6,3.2,7.8,0.174,2.5,1.6,4.1,3.3,Boston Celtics,57,14,0.803,0.0,121.2,109.4,11.34
163,Jaylen Brown,SF,27,BOS,63,63,33.4,9.0,17.9,0.504,2.1,5.9,0.358,6.9,12.0,0.576,0.563,3.2,4.5,0.702,1.2,4.4,5.6,3.6,1.1,0.5,2.3,2.6,23.4,2024,19.1,0.587,0.328,0.252,4.0,13.7,9.0,17.1,1.7,1.2,10.4,28.9,2.9,3.0,5.9,0.134,1.3,0.0,1.3,1.7,Boston Celtics,57,14,0.803,0.0,121.2,109.4,11.34
164,Jayson Tatum,PF,25,BOS,66,66,35.8,9.2,19.4,0.473,3.2,8.4,0.38,6.0,11.0,0.543,0.555,5.6,6.7,0.831,0.9,7.3,8.2,4.9,1.0,0.6,2.6,2.0,27.1,2024,22.5,0.606,0.431,0.348,2.7,21.1,12.3,21.2,1.4,1.5,10.3,30.3,5.7,3.8,9.5,0.193,4.6,0.7,5.3,4.3,Boston Celtics,57,14,0.803,0.0,121.2,109.4,11.34
166,Jrue Holiday,PG,33,BOS,61,61,33.1,4.9,10.0,0.485,2.0,4.6,0.445,2.8,5.4,0.52,0.587,1.0,1.2,0.833,1.2,4.2,5.4,4.9,0.9,0.8,1.8,1.6,12.8,2024,14.7,0.605,0.459,0.118,4.2,13.0,8.8,19.6,1.4,2.0,14.8,16.3,3.1,2.7,5.9,0.14,1.2,1.2,2.4,2.3,Boston Celtics,57,14,0.803,0.0,121.2,109.4,11.34
167,Kristaps Porziņģis,C,28,BOS,49,49,29.5,6.8,13.3,0.515,2.0,5.3,0.373,4.9,8.0,0.609,0.589,4.7,5.4,0.858,1.7,5.3,6.9,1.9,0.7,1.8,1.6,2.8,20.3,2024,22.9,0.648,0.399,0.41,6.3,18.4,12.6,9.6,1.1,5.3,9.0,25.4,4.2,2.5,6.7,0.223,3.5,1.4,4.9,2.5,Boston Celtics,57,14,0.803,0.0,121.2,109.4,11.34
180,Donte DiVincenzo,SG,27,NYK,69,51,27.2,5.2,11.8,0.437,3.2,8.2,0.395,1.9,3.6,0.532,0.574,1.0,1.3,0.747,0.8,2.7,3.5,2.6,1.3,0.4,1.3,2.1,14.5,2024,15.9,0.587,0.693,0.112,3.3,11.0,7.2,14.7,2.4,1.4,9.6,21.7,2.7,2.6,5.3,0.135,2.3,1.2,3.4,2.6,New York Knicks,42,28,0.6,14.5,111.8,107.8,3.91
183,Jalen Brunson,PG,27,NYK,65,65,35.1,9.8,20.6,0.475,2.7,6.7,0.402,7.1,13.9,0.51,0.54,5.2,6.1,0.842,0.6,3.1,3.6,6.5,0.9,0.2,2.5,1.9,27.4,2024,22.2,0.588,0.324,0.298,1.8,9.7,5.7,32.4,1.3,0.5,9.6,31.5,6.5,2.3,8.7,0.184,5.5,-0.2,5.3,4.3,New York Knicks,42,28,0.6,14.5,111.8,107.8,3.91
186,Julius Randle,PF,29,NYK,46,46,35.4,8.6,18.2,0.472,1.7,5.3,0.311,6.9,12.9,0.539,0.518,5.1,6.6,0.781,2.2,7.0,9.2,5.0,0.5,0.3,3.5,2.7,24.0,2024,18.8,0.569,0.292,0.361,6.7,22.2,14.4,23.1,0.8,0.7,14.1,29.8,1.9,2.0,3.9,0.115,2.1,-0.2,1.9,1.6,New York Knicks,42,28,0.6,14.5,111.8,107.8,3.91
216,Anthony Davis,C,30,LAL,67,67,35.6,9.4,16.9,0.558,0.3,1.2,0.28,9.1,15.6,0.579,0.568,5.4,6.7,0.812,3.1,9.4,12.5,3.6,1.2,2.4,2.0,2.4,24.6,2024,25.8,0.62,0.073,0.396,10.2,28.0,19.5,16.0,1.6,5.8,9.1,26.5,6.4,4.0,10.4,0.209,3.5,1.7,5.1,4.3,Los Angeles Lakers,39,32,0.549,5.5,117.7,117.6,0.71
217,Austin Reaves,SG,25,LAL,71,46,31.8,5.5,11.3,0.491,1.9,5.0,0.378,3.7,6.3,0.58,0.574,3.0,3.4,0.861,0.6,3.5,4.2,5.5,0.8,0.2,2.1,1.8,15.9,2024,15.7,0.622,0.439,0.304,2.4,11.7,7.3,23.7,1.2,0.6,14.3,20.4,3.5,1.6,5.1,0.109,0.9,-0.6,0.4,1.4,Los Angeles Lakers,39,32,0.549,5.5,117.7,117.6,0.71
221,D'Angelo Russell,PG,27,LAL,65,58,32.1,6.6,14.0,0.467,2.9,6.8,0.423,3.7,7.2,0.507,0.569,2.0,2.5,0.809,0.4,2.6,3.0,6.3,0.8,0.5,2.0,2.1,18.0,2024,16.5,0.594,0.484,0.177,1.5,8.6,5.2,28.2,1.3,1.3,11.6,23.1,3.0,1.4,4.4,0.102,2.0,-0.9,1.1,1.7,Los Angeles Lakers,39,32,0.549,5.5,117.7,117.6,0.71
228,LeBron James,PF,39,LAL,62,62,35.2,9.5,18.0,0.53,2.2,5.3,0.406,7.4,12.7,0.581,0.59,4.1,5.5,0.751,0.8,6.3,7.2,8.1,1.2,0.6,3.3,1.2,25.4,2024,23.1,0.621,0.296,0.306,2.8,19.0,11.3,36.3,1.6,1.4,14.0,29.2,4.5,2.3,6.9,0.151,5.4,0.8,6.2,4.5,Los Angeles Lakers,39,32,0.549,5.5,117.7,117.6,0.71
239,De'Aaron Fox,PG,26,SAC,62,62,35.7,9.8,20.9,0.468,2.8,7.7,0.363,7.0,13.2,0.529,0.535,4.3,6.0,0.725,1.0,3.5,4.5,5.7,2.0,0.4,2.7,2.6,26.7,2024,20.0,0.567,0.368,0.286,2.9,11.3,7.0,25.1,2.7,1.0,10.3,31.4,2.6,2.5,5.1,0.11,2.4,-0.3,2.1,2.3,Sacramento Kings,41,29,0.586,3.0,117.8,116.3,1.67
240,Domantas Sabonis,C,27,SAC,70,70,35.9,8.0,13.2,0.608,0.4,1.1,0.408,7.6,12.1,0.626,0.625,3.5,4.9,0.712,3.5,10.2,13.7,8.3,0.9,0.6,3.3,3.1,20.0,2024,23.7,0.651,0.082,0.373,10.8,32.6,21.5,33.8,1.2,1.4,17.6,22.1,7.9,3.3,11.1,0.213,4.4,2.3,6.7,5.5,Sacramento Kings,41,29,0.586,3.0,117.8,116.3,1.67
251,Malik Monk,SG,25,SAC,69,0,26.3,5.6,12.6,0.445,2.1,6.0,0.357,3.4,6.6,0.527,0.531,2.4,2.9,0.831,0.4,2.6,2.9,5.3,0.6,0.6,2.1,2.2,15.8,2024,16.1,0.569,0.479,0.232,1.6,11.1,6.3,28.8,1.1,1.9,13.3,25.9,2.0,1.5,3.4,0.091,1.7,-1.0,0.7,1.2,Sacramento Kings,41,29,0.586,3.0,117.8,116.3,1.67
256,Bam Adebayo,C,26,MIA,60,60,34.3,7.6,14.6,0.519,0.1,0.4,0.318,7.5,14.3,0.524,0.523,4.4,5.8,0.753,2.3,8.4,10.7,3.9,1.1,1.0,2.3,2.3,19.7,2024,19.9,0.572,0.025,0.397,7.5,27.9,17.6,18.8,1.6,2.8,11.8,25.3,2.3,3.6,6.0,0.139,0.7,1.6,2.3,2.2,Miami Heat,39,32,0.549,3.0,109.6,108.9,0.25
265,Jimmy Butler,PF,34,MIA,50,50,34.1,6.8,13.6,0.501,1.0,2.4,0.415,5.8,11.3,0.519,0.537,6.8,7.9,0.856,1.9,3.5,5.4,4.8,1.4,0.3,1.7,1.2,21.4,2024,22.5,0.625,0.173,0.58,6.1,11.8,8.9,22.7,2.1,1.0,9.1,24.6,5.3,2.2,7.5,0.212,4.2,0.8,5.0,3.0,Miami Heat,39,32,0.549,3.0,109.6,108.9,0.25
272,Terry Rozier,SG-PG,29,MIA,54,53,33.9,7.3,16.5,0.441,2.2,6.6,0.339,5.1,10.0,0.507,0.508,3.0,3.5,0.866,0.6,3.6,4.2,5.9,1.0,0.3,1.8,1.7,19.8,2024,17.0,0.548,0.397,0.21,2.0,12.1,6.9,28.6,1.4,0.9,9.1,25.8,1.9,1.3,3.2,0.084,1.9,-0.8,1.0,1.4,Miami Heat,39,32,0.549,3.0,109.6,108.9,0.25
280,James Harden,PG,34,LAC,63,63,34.7,5.1,11.6,0.44,2.7,6.9,0.397,2.4,4.7,0.502,0.558,4.3,4.8,0.882,0.5,4.6,5.1,8.5,1.1,0.9,2.6,1.9,17.2,2024,19.1,0.627,0.593,0.418,1.6,14.6,8.4,33.4,1.5,2.3,16.0,20.7,5.7,2.1,7.8,0.171,4.1,0.3,4.4,3.6,Los Angeles Clippers,44,26,0.629,0.0,116.5,112.7,3.87
283,Kawhi Leonard,SF,32,LAC,64,64,34.1,8.9,17.0,0.525,2.1,5.0,0.419,6.8,12.0,0.57,0.587,3.8,4.3,0.887,1.2,4.9,6.0,3.6,1.6,0.8,1.7,1.4,23.7,2024,23.4,0.629,0.295,0.253,4.1,15.7,10.1,17.0,2.4,2.2,8.4,26.5,5.9,2.6,8.5,0.188,5.0,0.7,5.6,4.2,Los Angeles Clippers,44,26,0.629,0.0,116.5,112.7,3.87
289,Paul George,PF,33,LAC,64,64,34.1,7.9,16.9,0.468,3.3,8.2,0.405,4.6,8.6,0.528,0.567,3.4,3.8,0.896,0.5,4.8,5.3,3.6,1.6,0.5,2.0,2.8,22.5,2024,18.9,0.607,0.487,0.222,1.7,15.4,8.8,16.2,2.3,1.3,10.0,26.5,3.6,2.5,6.1,0.133,2.6,0.2,2.8,2.6,Los Angeles Clippers,44,26,0.629,0.0,116.5,112.7,3.87
295,Chris Paul,PG,38,GSW,46,14,26.5,3.6,8.0,0.443,1.4,3.7,0.385,2.2,4.4,0.493,0.531,0.9,1.0,0.833,0.4,3.6,4.0,7.0,1.2,0.1,1.1,1.9,9.4,2024,15.4,0.554,0.457,0.13,1.6,14.5,8.0,34.3,2.1,0.2,11.7,15.2,2.6,1.2,3.8,0.15,0.5,1.3,1.8,1.2,Golden State Warriors,36,34,0.514,8.0,118.3,116.8,1.97
298,Draymond Green,PF,33,GSW,45,42,27.0,3.4,7.1,0.486,1.0,2.4,0.391,2.5,4.6,0.536,0.553,1.1,1.4,0.754,1.4,5.9,7.3,6.0,0.8,0.9,2.4,3.0,8.9,2024,14.3,0.578,0.345,0.204,5.6,23.4,14.5,28.7,1.4,3.0,23.7,15.7,1.1,1.6,2.7,0.108,-0.6,2.7,2.1,1.2,Golden State Warriors,36,34,0.514,8.0,118.3,116.8,1.97
308,Stephen Curry,PG,35,GSW,64,64,32.7,8.8,19.7,0.448,4.9,12.1,0.404,4.0,7.7,0.518,0.572,4.3,4.6,0.923,0.5,3.9,4.5,4.9,0.8,0.3,2.9,1.6,26.8,2024,20.6,0.617,0.612,0.235,1.8,12.8,7.3,23.6,1.1,0.9,11.7,31.5,4.4,1.6,5.9,0.136,6.2,-1.3,4.9,3.6,Golden State Warriors,36,34,0.514,8.0,118.3,116.8,1.97
331,Anthony Edwards,SG,22,MIN,68,67,35.3,9.3,20.1,0.465,2.5,6.7,0.374,6.8,13.3,0.51,0.527,5.3,6.4,0.831,0.6,4.9,5.5,5.2,1.3,0.6,3.1,1.8,26.4,2024,19.9,0.578,0.335,0.317,2.1,15.1,8.9,24.8,1.8,1.5,12.0,32.5,2.5,4.2,6.7,0.134,3.1,0.7,3.8,3.5,Minnesota Timberwolves,49,22,0.69,1.0,113.2,106.5,6.67
337,Karl-Anthony Towns,PF,28,MIN,60,60,32.8,7.9,15.5,0.506,2.2,5.3,0.423,5.6,10.3,0.55,0.578,4.2,4.8,0.874,1.5,6.9,8.4,3.0,0.7,0.7,2.8,3.3,22.1,2024,19.2,0.628,0.34,0.307,5.5,22.6,14.5,14.8,1.1,1.8,13.8,27.5,2.8,3.6,6.4,0.156,1.8,1.0,2.8,2.4,Minnesota Timberwolves,49,22,0.69,1.0,113.2,106.5,6.67
341,Mike Conley,PG,36,MIN,66,66,29.0,3.7,8.3,0.448,2.2,5.2,0.427,1.5,3.1,0.483,0.582,1.3,1.5,0.897,0.5,2.4,2.9,6.0,1.1,0.2,1.2,1.7,11.0,2024,15.5,0.613,0.624,0.176,2.0,9.0,5.7,28.5,1.9,0.6,11.3,15.5,4.4,2.9,7.3,0.182,1.7,1.5,3.2,2.5,Minnesota Timberwolves,49,22,0.69,1.0,113.2,106.5,6.67
345,Rudy Gobert,C,31,MIN,65,65,34.0,5.2,8.1,0.646,0.0,0.0,0.0,5.2,8.0,0.65,0.646,3.2,4.9,0.647,3.7,9.2,12.9,1.2,0.6,2.1,1.6,3.1,13.6,2024,18.7,0.665,0.006,0.608,13.0,29.1,21.5,5.2,0.9,5.5,13.2,15.3,4.6,5.1,9.6,0.208,-0.1,1.7,1.6,2.0,Minnesota Timberwolves,49,22,0.69,1.0,113.2,106.5,6.67
381,Nic Claxton,C,24,BRK,61,61,29.6,5.2,8.3,0.63,0.0,0.1,0.2,5.2,8.2,0.634,0.631,1.6,2.7,0.59,2.7,7.1,9.7,2.0,0.7,2.0,1.2,2.5,12.1,2024,19.1,0.636,0.01,0.327,9.5,27.1,18.0,10.3,1.1,6.3,11.0,15.7,3.3,2.7,6.0,0.161,0.0,1.5,1.5,1.6,Brooklyn Nets,26,45,0.366,31.0,111.1,113.8,-2.6
426,Devin Booker,PG,27,PHO,57,57,35.7,9.6,19.4,0.495,2.2,5.9,0.366,7.5,13.5,0.551,0.551,5.8,6.6,0.883,0.8,3.9,4.8,6.9,0.9,0.4,2.5,3.0,27.2,2024,22.3,0.609,0.304,0.34,2.8,11.7,7.5,31.4,1.2,1.0,10.0,30.0,6.2,1.6,7.8,0.184,4.1,-1.0,3.1,2.6,Phoenix Suns,42,29,0.592,2.5,117.3,114.3,2.43
429,Grayson Allen,SG,28,PHO,65,65,33.7,4.5,8.9,0.51,2.8,5.8,0.482,1.7,3.0,0.563,0.668,1.7,1.9,0.889,0.6,3.2,3.8,3.1,0.9,0.6,1.3,2.2,13.6,2024,13.9,0.698,0.659,0.218,2.1,10.0,6.3,12.3,1.3,1.7,11.7,14.1,4.4,1.7,6.1,0.135,1.3,0.1,1.3,1.8,Phoenix Suns,42,29,0.592,2.5,117.3,114.3,2.43
433,Jusuf Nurkić,C,29,PHO,67,67,27.3,4.4,8.5,0.518,0.3,1.3,0.241,4.1,7.2,0.568,0.537,2.2,3.5,0.638,3.0,8.0,11.0,3.7,1.0,1.0,2.3,3.4,11.4,2024,17.5,0.565,0.152,0.406,13.0,31.4,22.7,18.9,1.7,3.3,18.5,19.5,1.8,3.2,5.0,0.131,-1.0,1.6,0.6,1.2,Phoenix Suns,42,29,0.592,2.5,117.3,114.3,2.43
434,Kevin Durant,PF,35,PHO,64,64,37.2,10.1,19.2,0.526,2.2,5.3,0.414,7.9,13.9,0.568,0.582,5.2,6.1,0.856,0.5,6.1,6.6,5.3,0.9,1.3,3.3,1.8,27.5,2024,21.8,0.63,0.274,0.317,1.7,17.5,10.1,23.0,1.2,3.0,13.1,29.2,4.8,2.6,7.4,0.15,4.3,0.1,4.4,3.9,Phoenix Suns,42,29,0.592,2.5,117.3,114.3,2.43
441,Brandon Ingram,SF,26,NOP,63,63,33.0,7.8,16.0,0.49,1.3,3.8,0.356,6.5,12.2,0.532,0.532,3.9,4.9,0.801,0.7,4.4,5.1,5.8,0.8,0.6,2.6,2.3,20.9,2024,18.2,0.577,0.237,0.305,2.3,14.4,8.5,26.7,1.2,1.9,12.3,27.2,2.8,2.5,5.3,0.122,1.4,-0.2,1.3,1.7,New Orleans Pelicans,44,27,0.62,0.0,115.7,110.4,5.08
442,CJ McCollum,PG,32,NOP,55,55,31.5,6.8,14.8,0.461,3.3,8.0,0.418,3.5,6.8,0.512,0.574,1.6,2.0,0.793,0.5,3.6,4.1,4.4,1.0,0.7,1.6,1.9,18.6,2024,17.4,0.593,0.54,0.136,1.8,12.5,7.3,20.8,1.5,2.0,9.2,23.8,2.7,2.2,4.8,0.134,2.8,0.0,2.8,2.1,New Orleans Pelicans,44,27,0.62,0.0,115.7,110.4,5.08
447,Herbert Jones,SF,25,NOP,65,65,29.7,3.9,7.6,0.515,1.5,3.5,0.431,2.4,4.1,0.586,0.614,1.7,2.0,0.846,1.0,2.5,3.6,2.5,1.3,0.9,1.2,2.9,11.0,2024,13.7,0.65,0.456,0.264,3.9,9.3,6.7,11.2,2.1,2.9,12.6,14.1,3.0,2.7,5.7,0.141,-0.5,1.6,1.1,1.5,New Orleans Pelicans,44,27,0.62,0.0,115.7,110.4,5.08
458,Trey Murphy III,SF,23,NOP,46,13,27.7,4.6,10.7,0.435,2.8,7.7,0.368,1.8,3.0,0.606,0.567,1.9,2.4,0.784,0.7,3.8,4.5,2.0,0.8,0.5,0.6,1.2,14.0,2024,15.8,0.597,0.72,0.227,2.7,14.9,8.9,10.0,1.4,1.9,4.6,19.2,2.2,1.6,3.9,0.145,2.2,-0.1,2.0,1.3,New Orleans Pelicans,44,27,0.62,0.0,115.7,110.4,5.08
459,Zion Williamson,PF,23,NOP,60,60,30.9,8.9,15.2,0.586,0.1,0.2,0.357,8.8,14.9,0.589,0.588,4.7,6.7,0.7,1.8,4.1,5.9,5.0,1.0,0.6,2.7,2.3,22.6,2024,23.2,0.622,0.015,0.444,6.5,14.3,10.5,26.7,1.5,2.0,12.8,29.2,4.4,2.4,6.9,0.177,3.7,0.5,4.3,3.0,New Orleans Pelicans,44,27,0.62,0.0,115.7,110.4,5.08
461,Collin Sexton,SG,25,UTA,71,44,26.1,6.4,13.1,0.492,1.7,4.1,0.403,4.8,8.9,0.533,0.556,4.0,4.7,0.861,0.9,1.7,2.6,4.8,0.8,0.2,2.0,1.9,18.5,2024,20.3,0.613,0.316,0.357,3.8,7.2,5.5,29.3,1.5,0.7,11.8,27.3,4.9,0.4,5.3,0.137,3.9,-1.8,2.2,1.9,Utah Jazz,29,42,0.408,21.0,116.8,120.9,-3.61
469,Lauri Markkanen,PF,26,UTA,53,53,32.9,7.7,16.1,0.479,3.1,8.0,0.392,4.6,8.1,0.564,0.576,4.4,5.0,0.894,2.2,6.0,8.2,2.0,0.9,0.5,1.4,1.8,23.0,2024,21.3,0.629,0.495,0.308,7.5,19.9,13.7,9.4,1.3,1.3,7.0,24.9,4.9,1.0,5.9,0.162,4.9,-1.5,3.4,2.4,Utah Jazz,29,42,0.408,21.0,116.8,120.9,-3.61
482,Immanuel Quickley,PG-SG,24,TOR,62,32,28.9,5.6,13.0,0.432,2.5,6.2,0.396,3.1,6.7,0.465,0.527,2.7,3.3,0.829,0.2,3.4,3.6,4.6,0.7,0.1,1.4,1.6,16.4,2024,16.0,0.569,0.481,0.255,0.9,13.2,6.9,23.4,1.2,0.4,8.7,23.4,2.8,1.3,4.1,0.11,1.7,-0.9,0.8,1.3,Toronto Raptors,23,48,0.324,34.0,113.1,118.1,-5.1
496,Scottie Barnes,SG,22,TOR,60,60,34.9,7.5,15.7,0.475,1.7,4.9,0.341,5.8,10.8,0.536,0.528,3.3,4.2,0.781,2.4,5.9,8.2,6.1,1.3,1.5,2.8,2.0,19.9,2024,19.4,0.566,0.314,0.266,7.2,18.9,12.9,26.0,1.7,3.7,13.6,24.8,2.3,2.2,4.5,0.103,2.8,0.9,3.7,3.0,Toronto Raptors,23,48,0.324,34.0,113.1,118.1,-5.1
497,Buddy Hield,SF-SG,31,PHI,73,42,26.3,4.5,10.3,0.438,2.7,6.9,0.389,1.8,3.4,0.538,0.568,0.5,0.6,0.87,0.6,2.5,3.2,3.0,0.9,0.5,1.2,2.1,12.3,2024,13.1,0.579,0.672,0.061,2.7,10.8,6.8,15.0,1.6,1.7,10.5,19.0,1.6,1.3,2.9,0.073,1.0,-0.6,0.4,1.2,Philadelphia 76ers,39,32,0.549,18.0,114.5,112.1,1.94
507,Joel Embiid,C,29,PHI,34,34,34.0,11.8,22.2,0.533,1.2,3.3,0.366,10.6,18.9,0.562,0.56,10.5,11.9,0.883,2.6,8.7,11.3,5.7,1.1,1.8,3.7,2.9,35.3,2024,34.6,0.645,0.149,0.534,8.3,28.8,18.3,32.5,1.7,4.7,11.9,39.4,4.8,2.0,6.7,0.28,8.8,3.1,11.8,4.1,Philadelphia 76ers,39,32,0.549,18.0,114.5,112.1,1.94
518,Tobias Harris,PF,31,PHI,62,62,34.0,6.7,13.6,0.489,1.2,3.6,0.336,5.5,10.0,0.543,0.533,2.7,3.1,0.874,1.1,5.2,6.3,3.2,1.1,0.6,1.4,1.6,17.2,2024,16.3,0.575,0.264,0.226,3.5,17.2,10.2,14.1,1.5,1.5,8.4,20.7,2.7,2.3,5.0,0.113,0.8,-0.2,0.6,1.4,Philadelphia 76ers,39,32,0.549,18.0,114.5,112.1,1.94
519,Tyrese Maxey,PG,23,PHI,62,62,37.3,9.0,20.1,0.447,3.0,8.0,0.374,6.0,12.1,0.495,0.521,4.8,5.5,0.871,0.5,3.1,3.6,6.2,1.0,0.5,1.7,2.2,25.7,2024,19.6,0.572,0.399,0.274,1.5,9.4,5.4,26.7,1.3,1.1,6.9,27.9,5.0,1.8,6.8,0.141,3.9,-1.2,2.8,2.8,Philadelphia 76ers,39,32,0.549,18.0,114.5,112.1,1.94
525,Donovan Mitchell,SG,27,CLE,49,49,35.3,9.4,20.2,0.468,3.4,9.1,0.373,6.1,11.1,0.545,0.552,5.1,5.9,0.862,0.9,4.4,5.3,6.1,1.8,0.5,2.9,2.2,27.4,2024,22.6,0.6,0.449,0.293,2.8,13.8,8.4,28.9,2.5,1.3,11.2,32.0,3.3,2.7,6.1,0.168,5.0,1.3,6.3,3.7,Cleveland Cavaliers,43,28,0.606,3.0,112.6,109.5,2.98
527,Evan Mobley,PF,22,CLE,39,39,30.9,6.4,11.1,0.58,0.3,0.9,0.351,6.1,10.2,0.601,0.595,2.4,3.4,0.71,2.4,7.7,10.1,3.0,0.9,1.5,1.9,2.8,15.6,2024,19.7,0.62,0.085,0.303,8.7,27.3,18.1,14.9,1.4,4.4,13.3,20.7,1.9,2.4,4.2,0.169,0.4,2.2,2.6,1.4,Cleveland Cavaliers,43,28,0.606,3.0,112.6,109.5,2.98
531,Jarrett Allen,C,25,CLE,66,66,31.6,6.5,10.4,0.625,0.0,0.1,0.0,6.5,10.3,0.63,0.625,3.2,4.3,0.744,3.2,7.5,10.7,2.7,0.7,1.2,1.6,2.0,16.2,2024,21.5,0.659,0.007,0.408,11.6,25.9,18.8,12.9,1.1,3.2,11.7,19.4,5.6,3.6,9.2,0.212,1.8,1.2,3.0,2.7,Cleveland Cavaliers,43,28,0.606,3.0,112.6,109.5,2.98
540,Desmond Bane,SG,25,MEM,40,40,34.3,8.7,18.6,0.464,3.3,8.6,0.38,5.4,10.0,0.538,0.552,3.3,3.9,0.864,0.9,3.6,4.5,5.3,1.0,0.6,2.6,2.8,23.9,2024,18.4,0.588,0.463,0.207,2.7,11.8,7.1,28.6,1.5,1.5,11.4,28.9,1.5,1.4,2.9,0.1,3.1,-0.1,3.0,1.7,Memphis Grizzlies,24,47,0.338,20.0,105.9,112.6,-6.12
